<?xml version="1.0" encoding="UTF-8"?>

<!-- 
   
   Mapper 파일(역할) 
   : 이곳에 SQL을 적는다.
   : 기존 Java파일에 SQL문 작성 -> SQL문을 별도 작성
-->
<!DOCTYPE mapper PUBLIC "-//mybatis.org//DTD Mapper 3.0//EN" "http://mybatis.org/dtd/mybatis-3-mapper.dtd">

<!-- 최상위 태그는 무조건 mapper*** -->
<!-- 
   namespace : 패키지같은 개념, 패키지 작성하듯이 작성하면 되 ex) com.user.hush 
   XML명이랑 동일하게 두면 나중에 찾기 쉬웡
-->
<mapper namespace="auth">

   <!-- SQL 구문 작성 -->
   <select id="checkMember" parameterType="com.hush.auth.MemberDTO" resultType="Integer">
      select count(*) from tblMember where id= #{id} and pw=#{pw}
   </select>
   
   <insert id="join" parameterType="com.hush.auth.AuthDTO">
      insert into tblMember(id,pw,lv,image,fileName,name,birth,age,gender,tel,email) values
      (#{id},#{pw},'c',#{fileName},#{fileName},#{name},#{birth},#{age},#{gender},#{tel},#{email})
   </insert>
   
   
     <select id="check" parameterType="com.hush.auth.AuthDTO"
      resultType="Integer">
      select count(*) from tblMember where seq=#{id}
   </select>
   
   <select id="idSearch" parameterType ="com.hush.auth.AuthDTO" resultType="String">
   select id from tblMember where email= #{email}
   </select>


   
   <select id="pwSearch" parameterType ="com.hush.auth.AuthDTO" resultType="String">
      select pw from tblMember where email= #{email} and id= #{id} 
   </select>
   
   
   <select id="idError" parameterType ="com.hush.auth.AuthDTO" resultType="Integer">
        select count(*) from tblMember where id = #{id} 
   </select>
   
   
   <select id="pwError" parameterType ="com.hush.auth.AuthDTO" resultType="Integer">
     <![CDATA[select count(*) from tblMember where id =#{id} and pw<>#{pw}]]> 
    </select>


    <insert id="joinNaver" parameterType="com.hush.auth.AuthDTO">
    INSERT INTO tblmember(id,pw,lv,image,name,birth,age,gender,tel,email) VALUES ('jwi2202','1234','c', #{image},'리자문','1991-12-16','20','m',#{tel},'qweqwe@naver.com')
     </insert>


   
   <select id="idcheck" parameterType="String" resultType="Integer">
      select count(*) from tblMember where id = #{id}
   </select>

   
   
   
   
   
</mapper>