<?xml version="1.0" encoding="UTF-8"?>

<!-- Mapper 파일(역할) : 이곳에 SQL을 적는다. : 기존 Java파일에 SQL문 작성 -> SQL문을 별도 작성 -->
<!DOCTYPE mapper PUBLIC "-//mybatis.org//DTD Mapper 3.0//EN" "http://mybatis.org/dtd/mybatis-3-mapper.dtd">

<!-- 최상위 태그는 무조건 mapper*** -->
<!-- namespace : 패키지같은 개념, 패키지 작성하듯이 작성하면 되 ex) com.user.hush XML명이랑 동일하게 
   두면 나중에 찾기 쉬웡 -->
<mapper namespace="board">

   <!-- SQL 구문 작성 -->
   <!-- 공지사항 글쓰기 사용자버전 -->

   <insert id="nadd" parameterType="com.hush.board.BoardDTO">
      insert into tblNotice (seq, id, image, title, content, readcount, regdate, fileName)
      values (noticeSeq.nextVal, 'hodu5637', #{image}, #{title},
      #{content}, default, default, #{fileName})
   </insert>

   <select id="nlist" resultType="com.hush.board.BoardDTO">

      <!-- select seq, title, id, readcount, regdate from tblNotice -->

      select b.* from
      (select rownum as rnum, a.* from
      (select seq, title, id, regDate, readcount, rownum from tblNotice
      <if test="word != null"> <!-- 파라미터가 있느냐? -->
         where ${column} like '%' || #{word} || '%'
      </if>
      order by seq desc) a) b 
                  <![CDATA[
                  where rnum >= #{start} and rnum <= #{end}
                  ]]>
      order by seq desc

   </select>

   <select id="nview" parameterType="String" resultType="com.hush.board.BoardDTO">
      select * from tblNotice where seq = #{seq}
   </select>

   <update id="noticeCount" parameterType="String">
      update tblNotice set readcount = readcount + 1 where seq = #{seq}
   </update>

   <select id="totalCount" resultType="Integer">
      select count(*) from tblNotice
   </select>
   <update id="nedit" parameterType="com.hush.board.BoardDTO">
      update tblNotice set id =#{id}, title = #{title}, content = #{content}, image = #{image}, fileName = #{fileName} where  seq = #{seq}
   </update>
   
   <delete id="noticedel" parameterType="String">
      delete from tblNotice where seq = #{seq}
   </delete>
   
   
   <!-- 여기까지 공지사항 버전-->

   <!-- 상품 Q&A 버전 시작 사용자임 -->

   <insert id="padd" parameterType="com.hush.board.BoardproductDTO">
      insert into tblAccommodationQuestion (seq, id, codeNum, title, content, readcount, regdate)
      values (accommodationQuestionSeq.nextVal, 'hodu5637','BU001',  #{title},
      #{content}, default, default)
   </insert>

   <select id="plist" resultType="com.hush.board.BoardproductDTO">

      <!-- select seq, title, id, readcount, regdate from tblNotice -->

      select b.* from
      (select rownum as rnum, a.* from
      (select seq, title, id, regDate, readcount, rownum from tblAccommodationQuestion
      <if test="word != null"> <!-- 파라미터가 있느냐? -->
         where ${column} like '%' || #{word} || '%'
      </if>
      order by seq desc) a) b 
                  <![CDATA[
                  where rnum >= #{start} and rnum <= #{end}
                  ]]>
      order by seq desc

   </select>
   <!-- 숙박Q&A 상세보기 -->
   <select id="pview" parameterType="String" resultType="com.hush.board.BoardproductDTO">
      select * from tblAccommodationQuestion where seq = #{seq}
   </select>
   <!-- 숙박 테이블에서 숙박Q&A 테이블로 정보 가져오기  -->
   <select id="aview" parameterType="String" resultType="com.hush.main.AccommodationDTO">
         select name, address, price, mainImg, codeNum from tblAccommodation where codenum = #{codenum}
   </select>
   <!-- 숙박Q&A 조회수 카운트 -->
   <update id="productCount" parameterType="String">
      update tblAccommodationQuestion set readcount = readcount + 1 where seq = #{seq}
   </update>
   
   <select id="ptotalCount" resultType="Integer">
      select count(*) from tblAccommodationQuestion
   </select>
   <!-- 댓글 -->
   
   <insert id="productComment" parameterType="com.hush.board.BoardproductCommentDTO">
      insert into tblAccommodationAnswer (seq, id, answer, accommodationQuestionSeq) values 
         (accommodationAnswerSeq.nextVal, 'hodu5637', #{answer}, #{accommodationQuestionSeq})
   </insert>
   
   <select id="pclist" parameterType="String" resultType="com.hush.board.BoardproductCommentDTO">
      select * from tblAccommodationAnswer where accommodationQuestionSeq = #{seq}
   </select>
   
   <!-- 여기까지 상품 Q&A 사용자버전 -->
   
   <insert id="hadd" parameterType="com.hush.board.BoardhomepageDTO">
      insert into tblHomepageQuestion (seq, id, title, content, readcount, regdate)
      values (homepageQuestionSeq.nextVal, 'hodu5637',  #{title},
      #{content}, default, default)
   </insert>

   <select id="hlist" resultType="com.hush.board.BoardhomepageDTO">

      <!-- select seq, title, id, readcount, regdate from tblNotice -->

      select b.* from
      (select rownum as rnum, a.* from
      (select seq, title, id, regDate, readcount, rownum from tblHomepageQuestion
      <if test="word != null"> <!-- 파라미터가 있느냐? -->
         where ${column} like '%' || #{word} || '%'
      </if>
      order by seq desc) a) b 
                  <![CDATA[
                  where rnum >= #{start} and rnum <= #{end}
                  ]]>
      order by seq desc

   </select>

   <select id="hview" parameterType="String" resultType="com.hush.board.BoardhomepageDTO">
      select * from tblHomepageQuestion where seq = #{seq}
   </select>

   <update id="homepageCount" parameterType="String">
      update tblHomepageQuestion set readcount = readcount + 1 where seq = #{seq}
   </update>

   <select id="htotalCount" resultType="Integer">
      select count(*) from tblHomepageQuestion
   </select>
   
   <!-- 댓글 -->
   <insert id="homepageComment" parameterType="com.hush.board.BoardhomepageCommentDTO">
      insert into tblHomepageAnswer (seq, id, answer, homepageQuestionSeq) values 
         (homepageAnswerSeq.nextVal, 'hodu5637', #{answer}, #{homepageQuestionSeq})
   </insert>
   
   <select id="hclist" parameterType="String" resultType="com.hush.board.BoardhomepageCommentDTO">
      select * from tblHomepageAnswer where homepageQuestionSeq = #{seq}
   </select>
   <!--홈페이지 Q&A 여기까지  -->
   
   
   <!-- 리뷰 시작 -->
   <select id="rlist" resultType="com.hush.board.BoardreviewDTO">

      <!-- select seq, title, id, readcount, regdate from tblNotice -->

      select b.* from
      (select rownum as rnum, a.* from
      (select seq, title, id, regDate, readcount, rownum from tblReview
      <if test="word != null"> <!-- 파라미터가 있느냐? -->
         where ${column} like '%' || #{word} || '%'
      </if>
      order by seq desc) a) b 
                  <![CDATA[
                  where rnum >= #{start} and rnum <= #{end}
                  ]]>
      order by seq desc

   </select>
   
   <select id="rview" parameterType="String" resultType="com.hush.board.BoardreviewDTO">
      select * from tblReview where seq = #{seq}
   </select>
   
   <update id="reviewCount" parameterType="String">
      update tblReview set readcount = readcount + 1 where seq = #{seq}
   </update>
   
   <select id="rtotalCount" resultType="Integer">
      select count(*) from tblReview
   </select>
   
   <!-- 숙박 테이블에서 리뷰 테이블로 정보 가져오기  -->
   <select id="arview" parameterType="String" resultType="com.hush.main.AccommodationDTO">
         select name, address, price, mainImg, codeNum from tblAccommodation where codenum = #{codeNum}
   </select>
</mapper>








