<?xml version="1.0" encoding="UTF-8"?>

<!-- 
   
   Mapper 파일(역할) 
   : 이곳에 SQL을 적는다.
   : 기존 Java파일에 SQL문 작성 -> SQL문을 별도 작성
-->
<!DOCTYPE mapper PUBLIC "-//mybatis.org//DTD Mapper 3.0//EN" "http://mybatis.org/dtd/mybatis-3-mapper.dtd">

<!-- 최상위 태그는 무조건 mapper*** -->
<!-- 
   namespace : 패키지같은 개념, 패키지 작성하듯이 작성하면 되 ex) com.user.hush 
   XML명이랑 동일하게 두면 나중에 찾기 쉬웡
-->
<mapper namespace="main">

   <!-- SQL 구문 작성 -->
   <select id="checkid" parameterType="String" resultType="com.hush.main.MemberDTO">
      select * from tblMember where id = #{id}
   </select>
   
   <!-- tblCity 리스트 반환 -->
   <select id = "cityList" parameterType="String" resultType="com.hush.main.CityDTO">
         select * from tblCity
   </select>
   
   <!-- tblRegion 리스트 반환 -->
   <select id = "regionList" parameterType="Integer" resultType="com.hush.main.RegionDTO">
         select * from tblRegion where citySeq = #{citySeq}
   </select>
   
   <!-- 숙박 리스트 반환 -->
   <select id="accommodationList" parameterType="com.hush.main.SearchDTO" resultType="com.hush.main.AccommodationDTO">
    <![CDATA[select * from (select * from tblAccommodation a join (select codenum, count(*) as zzimCnt from tblAccommodation a join tblRegion r on r.SEQ= a.REGIONSEQ left join tblZzim z on a.codeNum=z.ACCOMMODATIONCODENUM where a.REGIONSEQ=${regionSeq} and dday = #{startDate} group by codenum union select codenum, round(count(*) / 100000, 0) as zzimCnt from tblAccommodation a join tblRegion r on r.SEQ= a.REGIONSEQ left join tblZzim z on a.codeNum=z.ACCOMMODATIONCODENUM where a.REGIONSEQ=#{regionSeq} and (dday <> #{startDate} or dday is null)  and (select count(*) from tblZzim where dday = #{startDate} and codenum = tblZzim.ACCOMMODATIONCODENUM) = 0 group by codenum) b on a.codenum = b.codenum) where zzimCnt < #{guestNum}]]>
   </select>
   
   <!-- 추천 숙박 리스트 반환 -->
   <select id="recommendAccommodationList" parameterType="com.hush.main.SearchDTO" resultType="com.hush.main.AccommodationDTO">
      <![CDATA[select * from (select * from tblAccommodation a join (select codenum, count(*) as zzimCnt from tblAccommodation a join tblRegion r on r.SEQ= a.REGIONSEQ left join tblZzim z on a.codeNum=z.ACCOMMODATIONCODENUM where a.REGIONSEQ=${regionSeq} and price>${price} and dday = #{startDate} group by codenum union select codenum, round(count(*) / 100000, 0) as zzimCnt from tblAccommodation a join tblRegion r on r.SEQ= a.REGIONSEQ left join tblZzim z on a.codeNum=z.ACCOMMODATIONCODENUM where a.REGIONSEQ=#{regionSeq} and (dday <> #{startDate} or dday is null and price>${price})  and (select count(*) from tblZzim where dday = #{startDate} and codenum = tblZzim.ACCOMMODATIONCODENUM) = 0 group by codenum) b on a.codenum = b.codenum) where zzimCnt < #{guestNum}]]>
   </select>
   
    <!-- 회원 아이디에 대한 메세지를 가져오는 쿼리 -->
   <select id="messageList" parameterType="String" resultType="com.hush.main.MessageDTO">
         select * from tblMessage where id= #{id} order by regdate desc
   </select>
   
   <!-- 숙박 코드에 대한 편의 시설 가져오는 쿼리 -->
   <select id="amenity" parameterType="String" resultType="com.hush.main.AmenityDTO">
      select * from tblAmenity where codeNum = #{codeNum}
   </select>
   
   
   <!-- 숙박 코드에 대한 이미지 가져오는 쿼리 -->
   <select id="detailImg" parameterType="String" resultType="com.hush.main.DetailImgDTO">
      select * from tblDetailImg where codeNum = #{codeNum}
   </select>
   
   <!-- 숙박 하나의 상세정보 반환 -->
   <select id="accommodation" parameterType="String" resultType="com.hush.main.AccommodationDTO">
         select * from (select * from tblAccommodation a join tblRegion r on a.regionSeq = r.seq) ar 
         join tblCity c on c.seq = ar.cityseq where codeNum=#{codeNum}
   </select>
   
   <select id="review" parameterType="String" resultType="com.hush.main.ReviewDTO">
         select * from tblReview where codeNum = #{codeNum}
   </select>
   
   <insert id="addReview" parameterType="com.hush.main.ReviewDTO">
      insert into tblReview values(reviewSeq.nextVal, #{id}, #{codeNum}, #{title}, #{content}, default, default)
   </insert>
   
   <select id="accomQnA" parameterType="String" resultType="com.hush.main.AccomQnADTO">
      select q.seq, q.id as userId, a.id as managerId, q.codeNum, q.title, q.content, a.answer, q.regdate, q.readcount 
      from tblAccommodationQuestion q LEFT OUTER join tblAccommodationAnswer a on q.seq=a.ACCOMMODATIONQUESTIONSEQ
       where q.CODENUM  = #{codeNum} order by q.seq desc
   </select>
   
   <insert id="accomQuestion" parameterType="com.hush.main.AccomQnADTO">
      insert into tblAccommodationQuestion values(accommodationQuestionSeq.nextVal, #{id}, #{codeNum}, #{title},#{content}, default, default)
      
   </insert>
   
   <insert id="addAnswer" parameterType="com.hush.main.AccomAnswerDTO">
      insert into tblAccommodationAnswer values (accommodationAnswerSeq.nextVal, #{id}, #{answer}, #{accommodationSeq})
   </insert>
   
   
   <!-- 시/구/지역에 대한 즐길거리 반환 -->
   <select id="attraction" parameterType="String" resultType="com.hush.main.AttractionDTO">
         select * from tblAttraction where regionSeq = #{regionSeq}
   </select>
   
   
   <!-- 찜하기 -->
   <insert id="addZzim" parameterType="com.hush.mypage.ZzimDTO">
      insert into tblZzim values (zzimSeq.nextVal, #{id}, #{accommodationCodeNum}, default ,#{dDay})
   </insert>
   
   <!-- 결제하기 -->
   <select id="precash" parameterType="java.util.HashMap" resultType="com.hush.main.PrecashDTO">
      select * from tblAccommodation a inner join tblZzim z on a.codeNum = z.accommodationCodeNum where z.id=#{id} and a.codeNum=#{codeNum} and dDay = #{nowDay}
   </select>
   
   <select id="getDetailItinerarySeq" parameterType="java.util.HashMap" resultType="Integer">
   		select d.seq as detailItinerarySeq from tblZzim z inner join tblItinerary i on z.id = i.id inner join tblDetailItinerary d on i.seq = d.itinerarySeq where z.id=#{id} and z.seq = #{zzimSeq} and z.dDay= d.detailDate
   </select>
   
   <insert id="addPayment" parameterType="com.hush.main.PaymentDTO">
   		insert into tblPayment values (paymentSeq.nextVal, #{accommodationCodeNum}, #{detailItinerarySeq}, #{id}, #{zzimSeq}, 'n')
   </insert>
   
</mapper>