<?xml version="1.0" encoding="UTF-8"?>

<!-- Mapper 파일(역할) : 이곳에 SQL을 적는다. : 기존 Java파일에 SQL문 작성 -> SQL문을 별도 작성 -->
<!DOCTYPE mapper PUBLIC "-//mybatis.org//DTD Mapper 3.0//EN" "http://mybatis.org/dtd/mybatis-3-mapper.dtd">

<!-- 최상위 태그는 무조건 mapper*** -->
<!-- namespace : 패키지같은 개념, 패키지 작성하듯이 작성하면 되 ex) com.user.hush XML명이랑 동일하게 
   두면 나중에 찾기 쉬웡 -->
<mapper namespace="managerpage">

   <!-- SQL 구문 작성 -->
   <select id="list" resultType="com.hush.managerpage.MemberManageDTO">
      select id, name, birth, age,gender, tel, email from tblMember
   </select>
   <select id="analysis" parameterType="arrayList" resultType="Integer">
      select count(*) from tblMember group by gender
   </select>

   <select id="analysisage" parameterType="arrayList" resultType="Integer">

 <![CDATA[
   SELECT COUNT(*)
FROM tblMember
where age >= 10 and age<20
union all 
SELECT COUNT(*)
FROM tblMember
where age >= 20 and age<30
union all 
SELECT COUNT(*)
FROM tblMember
where age >= 30 and age<40
union all 
SELECT COUNT(*)
FROM tblMember
where age >= 40 and age<50
union all 
SELECT COUNT(*)
FROM tblMember
where age >= 50 and age<60
]]>

   </select>

   <select id="cityname" parameterType="String"
      resultType="com.hush.managerpage.CityDTO">
      select * from tblCity
   </select>

   <select id="regionname" parameterType="Integer"
      resultType="com.hush.managerpage.RegionDTO">
      select * from tblRegion where citySeq = #{citySeq}
   </select>

   <select id="accommodationList" parameterType="Integer"
      resultType="com.hush.managerpage.AccommodationDTO">
      select * from tblAccommodation 
   </select>
    
    <select id="accommodationListRegion" parameterType="String" resultType="com.hush.managerpage.AccommodationDTO">
       select * from tblAccommodation where regionSeq = #{regionSeq}
    </select>
   
   <insert id="accomsave" parameterType="com.hush.managerpage.ImgDTO">
      insert into tblAccommodation values ('JN001', 195, #{name}, #{address}, 35.4422802, 129.0701637, #{fileName}, #{fileName}, #{checkIn}, #{checkOut}, #{price}, #{breakFirst}, #{totalZzim}, #{bathroom}, #{bed}, #{room},#{gender})
   </insert>
   
   <insert id="accomsave1" parameterType="com.hush.managerpage.ImgDTO">
      insert into tblAmenity values
      (amenitySeq.nextVal, 'JN001',#{internet},#{elevator},#{tv},#{washingMachine},#{hairDryer},#{pool},#{parkingLot})
   </insert>
   
   <insert id="accomsave2" parameterType="com.hush.managerpage.ImgDTO">
      insert into tblDetailImg values
      (detailImgSeq.nextVal, 'JN001',#{fileName1},#{fileName1},#{fileName2},#{fileName2},#{fileName3},#{fileName3},#{fileName4},#{fileName4},#{fileName5},#{fileName5})
   </insert> 
   
   <select id="zzimManage" parameterType="String" resultType="com.hush.managerpage.ZzimManageDTO">
   		select accommodationCodeNum, count(accommodationCodeNum) as cnt from tblZzim where dDay = #{nowDay} group by accommodationCodeNum
   </select>
   
   <select id="successZzim" parameterType="java.util.HashMap" resultType="com.hush.managerpage.ZzimManageDTO">
   		select z.dDay, a.name, a.address, a.price, z.accommodationCodeNum, z.id from tblZzim z inner join tblAccommodation a on z.ACCOMMODATIONCODENUM = a.codeNum where z.dDay=#{nowDay} and accommodationCodeNum=#{accommodationCodeNum}
   </select>
   
   <select id="checkMessage" parameterType="com.hush.managerpage.ZzimManageDTO" resultType="Integer">
   		select count(*) as cnt from tblMessage where id=#{id} and regDate >= #{nowDay}
   </select>
   
   <insert id="zzimMessage" parameterType="com.hush.managerpage.ZzimManageDTO">
   		insert into tblMessage values (messageSeq.nextVal, #{id}, '회원님이 예약하신 ' || #{name} || '의 딜이 성사되었습니다!',
'안녕하세요 회원님. HushBnB입니다.
회원님이 예약하신 ' || #{name} || '이 성사되었습니다.
성사된 찜을 결제해주세요!
결제는 마이페이지 -> 찜목록 -> 성사찜에서 결제하기를 클릭하시면 결제를 하실 수 있습니다.
항상 HushBnB를 이용해주시는 고객님께 감사드리며 앞으로도 많은 애용 부탁드립니다.
감사합니다 ^^' , sysdate)
   </insert>

</mapper>