<?xml version="1.0" encoding="UTF-8"?>

<!-- Mapper 파일(역할) : 이곳에 SQL을 적는다. : 기존 Java파일에 SQL문 작성 -> SQL문을 별도 작성 -->
<!DOCTYPE mapper PUBLIC "-//mybatis.org//DTD Mapper 3.0//EN" "http://mybatis.org/dtd/mybatis-3-mapper.dtd">

<!-- 최상위 태그는 무조건 mapper*** -->
<!-- namespace : 패키지같은 개념, 패키지 작성하듯이 작성하면 되 ex) com.user.hush XML명이랑 동일하게 
	두면 나중에 찾기 쉬웡 -->
<mapper namespace="mypage">

	<!-- SQL 구문 작성 -->
	
	<!-- 일정 리스트 -->
	<select id="itineraryList" parameterType="String" resultType="com.hush.mypage.ItineraryDTO">
		select * from TBLITINERARY where id=#{id} order by seq desc
	</select>
	
	<insert id="addItinerary" parameterType="com.hush.mypage.ItineraryDTO">
		insert into tblItinerary values (itinerarySeq.nextVal, #{id}, #{destination}, #{startDate}, #{endDate}, #{peopleNum}, #{price}, #{gender})
	</insert>
	
	<select id="getGender" parameterType="String" resultType="String">
		select gender from tblMember where id = #{id}
	</select>
	
	<select id="getCity" parameterType="String" resultType="String">
		select city from tblCity where seq = #{citySeq}
	</select>
	
	<select id="maxItinerary" resultType="Integer">
		select max(seq) from tblItinerary
	</select>

	<insert id="addDetailItinerary" parameterType="com.hush.mypage.DetailItineraryDTO">
		insert into tblDetailItinerary values (detailItinerarySeq.nextVal, #{itinerarySeq}, #{detailDate}, #{time}, #{regionSeq}, #{place})
	</insert>
	
	<select id="getItinerary" parameterType="String" resultType="com.hush.mypage.ItineraryDTO">
		select * from tblItinerary where id = #{id} and seq = (select max(seq) from tblItinerary)
	</select>
	
	<select id="getItinerary2" parameterType="java.util.HashMap" resultType="com.hush.mypage.ItineraryDTO">
		select * from tblItinerary where id = #{id} and seq = #{itinerarySeq}
	</select>
	
	<select id="getDetailItinerary" parameterType="java.util.HashMap" resultType="com.hush.mypage.DetailItineraryDTO">
		 select d.seq as seq, d.ITINERARYSEQ, d.DETAILDATE, d.TIME, d.REGIONSEQ, d.PLACE from tblItinerary i inner join tblDetailItinerary d on i.seq = d.itinerarySeq where i.id = #{id} and #{iSeq} = d.itinerarySeq order by seq asc
	</select>
	
	<select id="checkRegion" parameterType="String" resultType="String">
		select region from tblRegion where seq = #{regionSeq}
	</select>
	
	<select id="successZzim" parameterType="java.util.HashMap" resultType="com.hush.mypage.ZzimDTO">
		select accommodationCodeNum, count(*) as cnt 
			from tblZzim  
				where accommodationCodeNum = (select accommodationCodeNum 
					from tblZzim where id = #{id} and dDay = #{nowDay}) 
						and dDay = #{nowDay} group by accommodationcodeNum
	</select>
	
	<select id="getZzim" parameterType="java.util.HashMap" resultType="com.hush.mypage.ZzimDTO">
		select * from tblZzim where id=#{id} and dDay = #{nowDay} and accommodationCodeNum = #{accommodationCodeNum}
	</select>
	
	<select id="preZzim" parameterType="java.util.HashMap" resultType="com.hush.mypage.ZzimDTO">
		<![CDATA[ select * from tblZzim where id = #{id} and dDay > #{nowDay} order by seq desc]]>
	</select>
	
	<select id="getIdZzim" parameterType="java.util.HashMap" resultType="com.hush.mypage.ZzimDTO">
		<![CDATA[ select * from tblZzim where id = #{id} and dDay <= #{nowDay} order by dDay desc]]>
	</select>
	
	<select id="failZzim" parameterType="com.hush.mypage.ZzimDTO" resultType="com.hush.mypage.ZzimDTO">
		select count(*) as cnt from tblZzim where accommodationCodeNum = #{accommodationCodeNum} and dDay = #{dDay} 
	</select>
	
	<select id="getZzimAccom" parameterType="com.hush.mypage.ZzimDTO" resultType="com.hush.mypage.ZzimAccomDTO">
		select * from tblZzim z inner join tblAccommodation a on z.accommodationCodeNum = a.codeNum where z.accommodationCodeNum = #{accommodationCodeNum} and z.dDay = #{dDay} and id = #{id}
	</select>
	
	<select id="getCount" parameterType="com.hush.mypage.ZzimDTO" resultType="Integer">
		select count(*) from tblZzim where accommodationCodeNum = #{accommodationCodeNum} and dDay = #{dDay}
	</select>
	
	<select id="paymentCheck" parameterType="String" resultType="com.hush.mypage.PaymentCheckDTO">
		select a.codeNum, a.mainImg, a.name, a.address, a.price, z.dDay from tblPayment p inner join tblAccommodation a on p.ACCOMMODATIONCODENUM = a.CODENUM inner join tblZzim z on p.ZZIMSEQ = z.seq where z.id = #{id}
	</select>
	
	   <select id="getMessage" parameterType="String" resultType="com.hush.mypage.MessageDTO">
      select * from tblMessage where id = #{id} order by seq desc
   </select>
   
   <select id="getMessageView" parameterType="String" resultType="com.hush.mypage.MessageDTO">
      select * from tblMessage where seq =#{seq}
   </select>
   
   <select id="getDetailItineraryCount" parameterType="java.util.HashMap" resultType="Integer">
   	select count(*) from TBLDETAILITINERARY where itinerarySeq = #{iSeq} and detailDate=#{date}
   </select>
   
   <select id="checkPayment" resultType="Integer" parameterType="com.hush.mypage.ZzimDTO">
   		select count(*) as cnt from tblPayment where id=#{id} and zzimSeq = ${seq}
   </select>

</mapper>