<?xml version="1.0" encoding="UTF-8"?>
<beans xmlns="http://www.springframework.org/schema/beans"
	xmlns:xsi="http://www.w3.org/2001/XMLSchema-instance"
	xsi:schemaLocation="http://www.springframework.org/schema/beans http://www.springframework.org/schema/beans/spring-beans.xsd">

	<!-- DB 연결 설정 - 다른 계정으로 접속할 때 똑같이 이런식으로 하나 더 빈 생성하면 돼*** 1. 어떤 DB이용할래 2. 
		어디 xml에서 sql문 작성할래 3. 뭘로 sql 날릴래 -->
	<bean id="odataSource" class="org.apache.commons.dbcp.BasicDataSource">
		<property name="driverClassName" value="oracle.jdbc.driver.OracleDriver"></property>
		<!-- <property name="url" value="jdbc:oracle:thin:@192.168.0.34:1521:xe"></property> -->
		 <property name="url" value="jdbc:oracle:thin:@localhost:1521:xe"></property> 
		<property name="username" value="hr"></property>
		<property name="password" value="javaclass"></property>
	</bean>

	<!-- SQL출력을 위해 -->
	<bean id="dataSource" class="net.sf.log4jdbc.Log4jdbcProxyDataSource">
		<constructor-arg ref="odataSource" />
		<property name="logFormatter">
			<bean class="net.sf.log4jdbc.tools.Log4JdbcCustomFormatter">
				<property name="loggingType" value="MULTI_LINE" />
				<property name="sqlPrefix" value="SQL         :  " />
			</bean>
		</property>
	</bean>

	<!-- myBatis 설정 -->
	<bean id="sqlSessionFactory" class="org.mybatis.spring.SqlSessionFactoryBean">
		<!-- setter 의존 주입 -->
		<property name="dataSource" ref="dataSource"></property>

		<!-- classpath로 작성한 폴더에 넣은 xml만 mapper로 부를거야*** -->
		<property name="mapperLocations" value="classpath*:com/hush/main/mapper/*.xml"></property>
	</bean>

	<!-- 최종적으로 우리가 사용하는 빈 -->
	<bean id="sqlSessionTemplate" class="org.mybatis.spring.SqlSessionTemplate">
		<!-- 생성자로 했을 때 의존 주입 -->
		<constructor-arg index="0" ref="sqlSessionFactory"></constructor-arg>
	</bean>

	<!-- 파일 업로드 -->
	<bean id="multipartResolver"
		class="org.springframework.web.multipart.commons.CommonsMultipartResolver">
		<property name="maxUploadSize" value="10485760"></property>
	</bean>

</beans>
